##基础数据部分##开始##
insert into cme_question_prop_define (id,org_code,name,value,type,sys_flag) values (1,'DRCL','简单',1,1,'Y');
insert into cme_question_prop_define (id,org_code,name,value,type,sys_flag) values (2,'DRCL','一般',2,1,'Y');
insert into cme_question_prop_define (id,org_code,name,value,type,sys_flag) values (3,'DRCL','稍难',3,1,'Y');
insert into cme_question_prop_define (id,org_code,name,value,type,sys_flag) values (4,'DRCL','高难',4,1,'Y');
insert into cme_question_prop_define (id,org_code,name,value,type,sys_flag) values (5,'DRCL','超难',5,1,'Y');
insert into cme_question_prop_define (id,org_code,name,value,type,sys_flag) values (6,'DRCL','了解',1,2,'Y');
insert into cme_question_prop_define (id,org_code,name,value,type,sys_flag) values (7,'DRCL','掌握',2,2,'Y');
insert into cme_question_prop_define (id,org_code,name,value,type,sys_flag) values (8,'DRCL','运用',3,2,'Y');
insert into cme_question_prop_define (id,org_code,name,value,type,sys_flag) values (9,'DRCL','单选题',1,3,'Y');
insert into cme_question_prop_define (id,org_code,name,value,type,sys_flag) values (10,'DRCL','多选题',2,3,'Y');
insert into cme_question_prop_define (id,org_code,name,value,type,sys_flag) values (11,'DRCL','是非题',3,3,'Y');
insert into cme_question_prop_define (id,org_code,name,value,type,sys_flag) values (12,'DRCL','填空题',4,3,'Y');
insert into cme_question_prop_define (id,org_code,name,value,type,sys_flag) values (13,'DRCL','简答题',5,3,'Y');
insert into cme_question_prop_define (id,org_code,name,value,type,sys_flag) values (14,'DRCL','复合题',6,3,'Y');

insert into cme_security_resource(id,url,action_mask,name,memo) values (1,'/common/file',64,'文件上传','文件上传');
insert into cme_security_resource(id,url,action_mask,name,memo) values (2,'/common/ueditor/image',66,'富文本编辑器图片上传','富文本编辑器图片上传');
insert into cme_security_resource(id,url,action_mask,name,memo) values (3,'/common/ueditor/video',66,'富文本编辑器视频上传','富文本编辑器视频上传');
insert into cme_security_resource(id,url,action_mask,name,memo) values (4,'/common/ueditor/audio',66,'富文本编辑器音频上传','富文本编辑器音频上传');
insert into cme_security_resource(id,url,action_mask,name,memo) values (5,'/common/ueditor/attachment',66,'富文本编辑器附件上传','富文本编辑器附件上传');
insert into cme_security_resource(id,url,action_mask,name,memo) values (6,'/user',30,'用户管理','用户管理');
insert into cme_security_resource(id,url,action_mask,name,memo) values (7,'/group',30,'科室管理','科室管理');
insert into cme_security_resource(id,url,action_mask,name,memo) values (8,'/questionpool/define',1,'题库基础定义','题库基础定义');
insert into cme_security_resource(id,url,action_mask,name,memo) values (9,'/questionpool/define/questionType',28,'题型定义','题型定义');
insert into cme_security_resource(id,url,action_mask,name,memo) values (10,'/questionpool/define/difficultyDefine',8,'难度定义','难度定义');
insert into cme_security_resource(id,url,action_mask,name,memo) values (11,'/questionpool/define/abilityDefine',8,'能力目标定义','能力目标定义');
insert into cme_security_resource(id,url,action_mask,name,memo) values (12,'/questionpool/pool',31,'题库管理','题库管理');
insert into cme_security_resource(id,url,action_mask,name,memo) values (13,'/questionpool/pool/catalog',10,'题库知识结构管理','题库知识结构管理');
insert into cme_security_resource(id,url,action_mask,name,memo) values (14,'/questionpool/pool/question',127,'题库题目管理','题库题目管理');
insert into cme_security_resource(id,url,action_mask,name,memo) values (15,'/questionpool/pool/snapshot',6,'共享题库快照管理','共享题库快照管理');
insert into cme_security_resource(id,url,action_mask,name,memo) values (16,'/project',7,'项目管理','项目管理');
insert into cme_security_resource(id,url,action_mask,name,memo) values (17,'/project/prop',8,'项目属性管理','项目属性管理');
insert into cme_security_resource(id,url,action_mask,name,memo) values (18,'/project/resource',30,'项目资源管理','项目资源管理');
insert into cme_security_resource(id,url,action_mask,name,memo) values (19,'/project/questionpool',1,'项目题库管理','项目题库管理');
insert into cme_security_resource(id,url,action_mask,name,memo) values (20,'/project/questionpool/catalog',10,'项目题库知识结构管理','项目题库知识结构管理');
insert into cme_security_resource(id,url,action_mask,name,memo) values (21,'/project/questionpool/question',127,'项目题库题目管理','项目题库题目管理');
insert into cme_security_resource(id,url,action_mask,name,memo) values (22,'/project/batch',23,'项目批次管理','项目批次管理');
insert into cme_security_resource(id,url,action_mask,name,memo) values (23,'/project/batch/prop',8,'项目批次属性管理','项目批次属性管理');
insert into cme_security_resource(id,url,action_mask,name,memo) values (24,'/project/batch/user',22,'批次学员管理','批次学员管理');
insert into cme_security_resource(id,url,action_mask,name,memo) values (25,'/project/batch/resource',3,'批次资料设置','批次资料设置');
insert into cme_security_resource(id,url,action_mask,name,memo) values (26,'/project/batch/resource/catalog',8,'批次资料章节管理','批次资料章节管理');
insert into cme_security_resource(id,url,action_mask,name,memo) values (27,'/project/batch/questionpool',11,'批次题库管理','批次题库管理');
insert into cme_security_resource(id,url,action_mask,name,memo) values (28,'/project/batch/test',23,'批次考核测试组卷管理','批次考核测试组卷管理');
insert into cme_security_resource(id,url,action_mask,name,memo) values (29,'/project/batch/test/prop',8,'批次考核测试组卷属性管理','批次考核测试组卷属性管理');
insert into cme_security_resource(id,url,action_mask,name,memo) values (30,'/project/batch/test/prop/rule',8,'批次考核测试组卷组卷管理','批次考核测试组卷组卷管理');
insert into cme_security_resource(id,url,action_mask,name,memo) values (31,'/project/batch/test/paper',3,'批次考核试卷','批次考核试卷');
insert into cme_security_resource(id,url,action_mask,name,memo) values (32,'/project/batch/test/answerpaper',2,'批次考核答卷','批次考核答卷');
insert into cme_security_resource(id,url,action_mask,name,memo) values (33,'/project/batch/papermark',10,'批次考核阅卷管理','批次考核阅卷管理');
insert into cme_security_resource(id,url,action_mask,name,memo) values (34,'/project/batch/scoresetting',8,'批次成绩设置','批次成绩设置');
insert into cme_security_resource(id,url,action_mask,name,memo) values (35,'/project/batch/scorestat',34,'批次成绩册','批次成绩册');
insert into cme_security_resource(id,url,action_mask,name,memo) values (36,'/resumesearch',2,'用户简历查询','用户简历查询');
insert into cme_security_resource(id,url,action_mask,name,memo) values (37,'/papermark',2,'阅卷测试列表','阅卷测试列表');
insert into cme_security_resource(id,url,action_mask,name,memo) values (38,'/papermark/test',2,'阅卷测试答卷列表','阅卷测试答卷列表');
insert into cme_security_resource(id,url,action_mask,name,memo) values (39,'/papermark/test/paper',8,'阅卷','阅卷');
insert into cme_security_resource(id,url,action_mask,name,memo) values (40,'/myquestionbag/collect',10,'我的收藏夹','我的收藏夹');
insert into cme_security_resource(id,url,action_mask,name,memo) values (41,'/myquestionbag/wrong',2,'我的错题本','我的错题本');
insert into cme_security_resource(id,url,action_mask,name,memo) values (42,'/myresume',2,'我的培训项目列表','我的培训项目列表');
insert into cme_security_resource(id,url,action_mask,name,memo) values (43,'/myresume/batch',1,'我的培训项目批次信息','我的培训项目批次信息');
insert into cme_security_resource(id,url,action_mask,name,memo) values (44,'/myresume/batch/learn',9,'我的培训项目批次学习','我的培训项目批次学习');
insert into cme_security_resource(id,url,action_mask,name,memo) values (45,'/myresume/batch/practice',9,'我的培训项目批次练习','我的培训项目批次练习');
insert into cme_security_resource(id,url,action_mask,name,memo) values (46,'/myresume/batch/test',9,'我的培训项目批次测试','我的培训项目批次测试');
insert into cme_security_resource(id,url,action_mask,name,memo) values (47,'/userresume',2,'往期培训简历列表','往期培训简历列表');
insert into cme_security_resource(id,url,action_mask,name,memo) values (48,'/userresume/usertrain',1,'查看往期培训简历详细','查看往期培训简历详细');
insert into cme_security_resource(id,url,action_mask,name,memo) values (49,'/security/user',14,'用户帐号管理','用户帐号管理');
insert into cme_security_resource(id,url,action_mask,name,memo) values (50,'/resumesearch/usertrain',2,'用户简历查询中查看培训简历列表','用户简历查询中查看培训简历列表');
insert into cme_security_resource(id,url,action_mask,name,memo) values (51, '/user/practice', 8, '练习设置','练习设置');
insert into cme_security_resource(id,url,action_mask,name,memo) values (52, '/org', 30, '站点列表','站点列表');
insert into cme_security_resource(id,url,action_mask,name,memo) values (53, '/org/user', 30, '站点用户设置','站点用户设置');

insert into cme_security_role(id,name,memo) values (1,'站点管理员','站点管理员');
insert into cme_security_role(id,name,memo) values (2,'题库管理员','题库管理员');
insert into cme_security_role(id,name,memo) values (3,'项目管理员','项目管理员');
insert into cme_security_role(id,name,memo) values (4,'批次管理员','批次管理员');
insert into cme_security_role(id,name,memo) values (5,'阅卷老师','阅卷老师');
insert into cme_security_role(id,name,memo) values (6,'学员','学员');
insert into cme_security_role(id,name,memo) values (7,'超级管理员','超级管理员');

insert into cme_security_permission(cme_security_resource_id,cme_security_role_id,permission) values (1,1,127);
insert into cme_security_permission(cme_security_resource_id,cme_security_role_id,permission) values (2,1,127);
insert into cme_security_permission(cme_security_resource_id,cme_security_role_id,permission) values (3,1,127);
insert into cme_security_permission(cme_security_resource_id,cme_security_role_id,permission) values (4,1,127);
insert into cme_security_permission(cme_security_resource_id,cme_security_role_id,permission) values (5,1,127);
insert into cme_security_permission(cme_security_resource_id,cme_security_role_id,permission) values (6,1,127);
insert into cme_security_permission(cme_security_resource_id,cme_security_role_id,permission) values (7,1,127);
insert into cme_security_permission(cme_security_resource_id,cme_security_role_id,permission) values (8,1,127);
insert into cme_security_permission(cme_security_resource_id,cme_security_role_id,permission) values (9,1,127);
insert into cme_security_permission(cme_security_resource_id,cme_security_role_id,permission) values (10,1,127);
insert into cme_security_permission(cme_security_resource_id,cme_security_role_id,permission) values (11,1,127);
insert into cme_security_permission(cme_security_resource_id,cme_security_role_id,permission) values (12,1,127);
insert into cme_security_permission(cme_security_resource_id,cme_security_role_id,permission) values (13,1,127);
insert into cme_security_permission(cme_security_resource_id,cme_security_role_id,permission) values (14,1,127);
insert into cme_security_permission(cme_security_resource_id,cme_security_role_id,permission) values (15,1,127);
insert into cme_security_permission(cme_security_resource_id,cme_security_role_id,permission) values (16,1,127);
insert into cme_security_permission(cme_security_resource_id,cme_security_role_id,permission) values (17,1,127);
insert into cme_security_permission(cme_security_resource_id,cme_security_role_id,permission) values (18,1,127);
insert into cme_security_permission(cme_security_resource_id,cme_security_role_id,permission) values (19,1,127);
insert into cme_security_permission(cme_security_resource_id,cme_security_role_id,permission) values (20,1,127);
insert into cme_security_permission(cme_security_resource_id,cme_security_role_id,permission) values (21,1,127);
insert into cme_security_permission(cme_security_resource_id,cme_security_role_id,permission) values (22,1,127);
insert into cme_security_permission(cme_security_resource_id,cme_security_role_id,permission) values (23,1,127);
insert into cme_security_permission(cme_security_resource_id,cme_security_role_id,permission) values (24,1,127);
insert into cme_security_permission(cme_security_resource_id,cme_security_role_id,permission) values (25,1,127);
insert into cme_security_permission(cme_security_resource_id,cme_security_role_id,permission) values (26,1,127);
insert into cme_security_permission(cme_security_resource_id,cme_security_role_id,permission) values (27,1,127);
insert into cme_security_permission(cme_security_resource_id,cme_security_role_id,permission) values (28,1,127);
insert into cme_security_permission(cme_security_resource_id,cme_security_role_id,permission) values (29,1,127);
insert into cme_security_permission(cme_security_resource_id,cme_security_role_id,permission) values (30,1,127);
insert into cme_security_permission(cme_security_resource_id,cme_security_role_id,permission) values (31,1,127);
insert into cme_security_permission(cme_security_resource_id,cme_security_role_id,permission) values (32,1,127);
insert into cme_security_permission(cme_security_resource_id,cme_security_role_id,permission) values (33,1,127);
insert into cme_security_permission(cme_security_resource_id,cme_security_role_id,permission) values (34,1,127);
insert into cme_security_permission(cme_security_resource_id,cme_security_role_id,permission) values (35,1,127);
insert into cme_security_permission(cme_security_resource_id,cme_security_role_id,permission) values (36,1,127);
insert into cme_security_permission(cme_security_resource_id,cme_security_role_id,permission) values (37,1,127);
insert into cme_security_permission(cme_security_resource_id,cme_security_role_id,permission) values (38,1,127);
insert into cme_security_permission(cme_security_resource_id,cme_security_role_id,permission) values (39,1,127);
insert into cme_security_permission(cme_security_resource_id,cme_security_role_id,permission) values (40,1,127);
insert into cme_security_permission(cme_security_resource_id,cme_security_role_id,permission) values (41,1,127);
insert into cme_security_permission(cme_security_resource_id,cme_security_role_id,permission) values (42,1,127);
insert into cme_security_permission(cme_security_resource_id,cme_security_role_id,permission) values (43,1,127);
insert into cme_security_permission(cme_security_resource_id,cme_security_role_id,permission) values (44,1,127);
insert into cme_security_permission(cme_security_resource_id,cme_security_role_id,permission) values (45,1,127);
insert into cme_security_permission(cme_security_resource_id,cme_security_role_id,permission) values (46,1,127);
insert into cme_security_permission(cme_security_resource_id,cme_security_role_id,permission) values (47,1,127);
insert into cme_security_permission(cme_security_resource_id,cme_security_role_id,permission) values (48,1,127);
insert into cme_security_permission(cme_security_resource_id,cme_security_role_id,permission) values (49,1,127);
insert into cme_security_permission(cme_security_resource_id,cme_security_role_id,permission) values (50,1,127);
insert into cme_security_permission(cme_security_resource_id,cme_security_role_id,permission) values (51,1,8);
insert into cme_security_permission(cme_security_resource_id,cme_security_role_id,permission) values (1,2,127);
insert into cme_security_permission(cme_security_resource_id,cme_security_role_id,permission) values (2,2,127);
insert into cme_security_permission(cme_security_resource_id,cme_security_role_id,permission) values (3,2,127);
insert into cme_security_permission(cme_security_resource_id,cme_security_role_id,permission) values (4,2,127);
insert into cme_security_permission(cme_security_resource_id,cme_security_role_id,permission) values (5,2,127);
insert into cme_security_permission(cme_security_resource_id,cme_security_role_id,permission) values (8,2,127);
insert into cme_security_permission(cme_security_resource_id,cme_security_role_id,permission) values (9,2,127);
insert into cme_security_permission(cme_security_resource_id,cme_security_role_id,permission) values (10,2,127);
insert into cme_security_permission(cme_security_resource_id,cme_security_role_id,permission) values (11,2,127);
insert into cme_security_permission(cme_security_resource_id,cme_security_role_id,permission) values (12,2,127);
insert into cme_security_permission(cme_security_resource_id,cme_security_role_id,permission) values (13,2,127);
insert into cme_security_permission(cme_security_resource_id,cme_security_role_id,permission) values (14,2,127);
insert into cme_security_permission(cme_security_resource_id,cme_security_role_id,permission) values (15,2,127);
insert into cme_security_permission(cme_security_resource_id,cme_security_role_id,permission) values (49,2,8);
insert into cme_security_permission(cme_security_resource_id,cme_security_role_id,permission) values (1,3,127);
insert into cme_security_permission(cme_security_resource_id,cme_security_role_id,permission) values (2,3,127);
insert into cme_security_permission(cme_security_resource_id,cme_security_role_id,permission) values (3,3,127);
insert into cme_security_permission(cme_security_resource_id,cme_security_role_id,permission) values (4,3,127);
insert into cme_security_permission(cme_security_resource_id,cme_security_role_id,permission) values (5,3,127);
insert into cme_security_permission(cme_security_resource_id,cme_security_role_id,permission) values (16,3,127);
insert into cme_security_permission(cme_security_resource_id,cme_security_role_id,permission) values (17,3,127);
insert into cme_security_permission(cme_security_resource_id,cme_security_role_id,permission) values (18,3,127);
insert into cme_security_permission(cme_security_resource_id,cme_security_role_id,permission) values (19,3,127);
insert into cme_security_permission(cme_security_resource_id,cme_security_role_id,permission) values (20,3,127);
insert into cme_security_permission(cme_security_resource_id,cme_security_role_id,permission) values (21,3,127);
insert into cme_security_permission(cme_security_resource_id,cme_security_role_id,permission) values (49,3,8);
insert into cme_security_permission(cme_security_resource_id,cme_security_role_id,permission) values (49,4,8);
insert into cme_security_permission(cme_security_resource_id,cme_security_role_id,permission) values (16,4,3);
insert into cme_security_permission(cme_security_resource_id,cme_security_role_id,permission) values (17,4,3);
insert into cme_security_permission(cme_security_resource_id,cme_security_role_id,permission) values (18,4,3);
insert into cme_security_permission(cme_security_resource_id,cme_security_role_id,permission) values (19,4,3);
insert into cme_security_permission(cme_security_resource_id,cme_security_role_id,permission) values (20,4,3);
insert into cme_security_permission(cme_security_resource_id,cme_security_role_id,permission) values (21,4,3);
insert into cme_security_permission(cme_security_resource_id,cme_security_role_id,permission) values (22,4,127);
insert into cme_security_permission(cme_security_resource_id,cme_security_role_id,permission) values (23,4,127);
insert into cme_security_permission(cme_security_resource_id,cme_security_role_id,permission) values (24,4,127);
insert into cme_security_permission(cme_security_resource_id,cme_security_role_id,permission) values (25,4,127);
insert into cme_security_permission(cme_security_resource_id,cme_security_role_id,permission) values (26,4,127);
insert into cme_security_permission(cme_security_resource_id,cme_security_role_id,permission) values (27,4,127);
insert into cme_security_permission(cme_security_resource_id,cme_security_role_id,permission) values (28,4,127);
insert into cme_security_permission(cme_security_resource_id,cme_security_role_id,permission) values (29,4,127);
insert into cme_security_permission(cme_security_resource_id,cme_security_role_id,permission) values (30,4,127);
insert into cme_security_permission(cme_security_resource_id,cme_security_role_id,permission) values (31,4,127);
insert into cme_security_permission(cme_security_resource_id,cme_security_role_id,permission) values (32,4,127);
insert into cme_security_permission(cme_security_resource_id,cme_security_role_id,permission) values (33,4,127);
insert into cme_security_permission(cme_security_resource_id,cme_security_role_id,permission) values (34,4,127);
insert into cme_security_permission(cme_security_resource_id,cme_security_role_id,permission) values (35,4,127);
insert into cme_security_permission(cme_security_resource_id,cme_security_role_id,permission) values (49,5,8);
insert into cme_security_permission(cme_security_resource_id,cme_security_role_id,permission) values (37,5,127);
insert into cme_security_permission(cme_security_resource_id,cme_security_role_id,permission) values (38,5,127);
insert into cme_security_permission(cme_security_resource_id,cme_security_role_id,permission) values (39,5,127);
insert into cme_security_permission(cme_security_resource_id,cme_security_role_id,permission) values (49,6,8);
insert into cme_security_permission(cme_security_resource_id,cme_security_role_id,permission) values (36,6,127);
insert into cme_security_permission(cme_security_resource_id,cme_security_role_id,permission) values (40,6,127);
insert into cme_security_permission(cme_security_resource_id,cme_security_role_id,permission) values (41,6,127);
insert into cme_security_permission(cme_security_resource_id,cme_security_role_id,permission) values (42,6,127);
insert into cme_security_permission(cme_security_resource_id,cme_security_role_id,permission) values (43,6,127);
insert into cme_security_permission(cme_security_resource_id,cme_security_role_id,permission) values (44,6,127);
insert into cme_security_permission(cme_security_resource_id,cme_security_role_id,permission) values (45,6,127);
insert into cme_security_permission(cme_security_resource_id,cme_security_role_id,permission) values (46,6,127);
insert into cme_security_permission(cme_security_resource_id,cme_security_role_id,permission) values (47,6,127);
insert into cme_security_permission(cme_security_resource_id,cme_security_role_id,permission) values (48,6,127);
insert into cme_security_permission(cme_security_resource_id,cme_security_role_id,permission) values (51,6,8);
insert into cme_security_permission(cme_security_resource_id,cme_security_role_id,permission) values (1,6,127);
insert into cme_security_permission(cme_security_resource_id,cme_security_role_id,permission) values (52,7,127);
insert into cme_security_permission(cme_security_resource_id,cme_security_role_id,permission) values (53,7,127);
insert into cme_security_permission(cme_security_resource_id,cme_security_role_id,permission) values (49,7,8);
insert into cme_security_permission(cme_security_resource_id,cme_security_role_id,permission) values (42,7,127);

insert into cme_user(id,org_code,name,sn,delflag) values (1, 'DRCL','Admin','00001','N');
insert into cme_user(id,org_code,name,sn,delflag) values (2, 'DRCL','Manager','999999','N');
insert into cme_security_user_login(id,cme_user_id,login_name,passwd,status,freeze_start_time,freeze_end_time) values (1, 1, 'admin', '21232f297a57a5a743894a0e4a801fc3',1, NOW(), NOW());
insert into cme_security_user_login(id,cme_user_id,login_name,passwd,status,freeze_start_time,freeze_end_time) values (2, 2, 'manager', '1d0258c2440a8d19e716292b231e3190',1, NOW(), NOW());
insert into cme_security_user_role(id, cme_user_id,cme_security_role_id) values (1, 1, 1);
insert into cme_security_user_role(id, cme_user_id,cme_security_role_id) values (2, 2, 7);

insert into cme_org(org_code,org_name,org_desc,org_status) values ('DRCL','汇和','汇和软件',1);
##基础数据部分##结束##








##########以下是测试数据部分##########
#科室
insert into cme_group(	id,org_code,name,parent_id,group_type) values (1, 'DRCL','内科',null,1);
insert into cme_group(	id,org_code,name,parent_id,group_type) values (2, 'DRCL','外科',null,1);
insert into cme_group(	id,org_code,name,parent_id,group_type) values (3, 'DRCL','妇儿',null,1);
insert into cme_group(	id,org_code,name,parent_id,group_type) values (4, 'DRCL','其他',null,1);
insert into cme_group(	id,org_code,name,parent_id,group_type) values (5, 'DRCL','风湿免疫科',1,1);
insert into cme_group(	id,org_code,name,parent_id,group_type) values (6, 'DRCL','内分泌科',1,1);
insert into cme_group(	id,org_code,name,parent_id,group_type) values (7, 'DRCL','变态反应科',1,1);
insert into cme_group(	id,org_code,name,parent_id,group_type) values (8, 'DRCL','神经科',1,1);
insert into cme_group(	id,org_code,name,parent_id,group_type) values (9, 'DRCL','呼吸内科',1,1);
insert into cme_group(	id,org_code,name,parent_id,group_type) values (10, 'DRCL','心内科',1,1);
insert into cme_group(	id,org_code,name,parent_id,group_type) values (11, 'DRCL','消化内科',1,1);
insert into cme_group(	id,org_code,name,parent_id,group_type) values (12, 'DRCL','血液内科',1,1);
insert into cme_group(	id,org_code,name,parent_id,group_type) values (13, 'DRCL','肾内科',1,1);
insert into cme_group(	id,org_code,name,parent_id,group_type) values (14, 'DRCL','感染内科',1,1);
insert into cme_group(	id,org_code,name,parent_id,group_type) values (15, 'DRCL','普通内科',1,1);
insert into cme_group(	id,org_code,name,parent_id,group_type) values (16, 'DRCL','老年医学科',1,1);
insert into cme_group(	id,org_code,name,parent_id,group_type) values (17, 'DRCL','基本外科',2,1);
insert into cme_group(	id,org_code,name,parent_id,group_type) values (18, 'DRCL','骨科',2,1);
insert into cme_group(	id,org_code,name,parent_id,group_type) values (19, 'DRCL','乳腺外科',2,1);
insert into cme_group(	id,org_code,name,parent_id,group_type) values (20, 'DRCL','神经外科',2,1);
insert into cme_group(	id,org_code,name,parent_id,group_type) values (21, 'DRCL','泌尿外科',2,1);
insert into cme_group(	id,org_code,name,parent_id,group_type) values (22, 'DRCL','血管外科中心',2,1);
insert into cme_group(	id,org_code,name,parent_id,group_type) values (23, 'DRCL','肝脏外科',2,1);
insert into cme_group(	id,org_code,name,parent_id,group_type) values (24, 'DRCL','胸外科',2,1);
insert into cme_group(	id,org_code,name,parent_id,group_type) values (25, 'DRCL','整形外科',2,1);
insert into cme_group(	id,org_code,name,parent_id,group_type) values (26, 'DRCL','心外科',2,1);
insert into cme_group(	id,org_code,name,parent_id,group_type) values (27, 'DRCL','妇科',3,1);
insert into cme_group(	id,org_code,name,parent_id,group_type) values (28, 'DRCL','生殖内分泌',3,1);
insert into cme_group(	id,org_code,name,parent_id,group_type) values (29, 'DRCL','产科',3,1);
insert into cme_group(	id,org_code,name,parent_id,group_type) values (30, 'DRCL','儿科',3,1);
insert into cme_group(	id,org_code,name,parent_id,group_type) values (31, 'DRCL','计划生育',3,1);
insert into cme_group(	id,org_code,name,parent_id,group_type) values (32, 'DRCL','妇泌尿',3,1);
insert into cme_group(	id,org_code,name,parent_id,group_type) values (33, 'DRCL','皮肤科',4,1);
insert into cme_group(	id,org_code,name,parent_id,group_type) values (34, 'DRCL','眼科',4,1);
insert into cme_group(	id,org_code,name,parent_id,group_type) values (35, 'DRCL','中医科',4,1);
insert into cme_group(	id,org_code,name,parent_id,group_type) values (36, 'DRCL','耳鼻喉',4,1);
insert into cme_group(	id,org_code,name,parent_id,group_type) values (37, 'DRCL','妇科肿瘤',4,1);
insert into cme_group(	id,org_code,name,parent_id,group_type) values (38, 'DRCL','核医学科',4,1);
insert into cme_group(	id,org_code,name,parent_id,group_type) values (39, 'DRCL','超声诊断科',4,1);
insert into cme_group(	id,org_code,name,parent_id,group_type) values (40, 'DRCL','口腔颌面外科',4,1);
insert into cme_group(	id,org_code,name,parent_id,group_type) values (41, 'DRCL','肿瘤内科',4,1);
insert into cme_group(	id,org_code,name,parent_id,group_type) values (42, 'DRCL','男科',4,1);
insert into cme_group(	id,org_code,name,parent_id,group_type) values (43, 'DRCL','放疗科',4,1);
insert into cme_group(	id,org_code,name,parent_id,group_type) values (44, 'DRCL','口腔内科',4,1);
insert into cme_group(	id,org_code,name,parent_id,group_type) values (45, 'DRCL','介入治疗科',4,1);
insert into cme_group(	id,org_code,name,parent_id,group_type) values (46, 'DRCL','营养科',4,1);
insert into cme_group(	id,org_code,name,parent_id,group_type) values (47, 'DRCL','疼痛门诊',4,1);
insert into cme_group(	id,org_code,name,parent_id,group_type) values (48, 'DRCL','心理医学科',4,1);
insert into cme_group(	id,org_code,name,parent_id,group_type) values (49, 'DRCL','口腔粘膜',4,1);
insert into cme_group(	id,org_code,name,parent_id,group_type) values (50, 'DRCL','口腔正畸',4,1);
insert into cme_group(	id,org_code,name,parent_id,group_type) values (51, 'DRCL','病理科',4,1);
insert into cme_group(	id,org_code,name,parent_id,group_type) values (52, 'DRCL','口腔修复',4,1);
insert into cme_group(	id,org_code,name,parent_id,group_type) values (53, 'DRCL','急诊科',4,1);
insert into cme_group(	id,org_code,name,parent_id,group_type) values (54, 'DRCL','口腔种植',4,1);
insert into cme_group(	id,org_code,name,parent_id,group_type) values (55, 'DRCL','口腔牙周',4,1);
insert into cme_group(	id,org_code,name,parent_id,group_type) values (56, 'DRCL','物理医学康复科',4,1);
insert into cme_group(	id,org_code,name,parent_id,group_type) values (57, 'DRCL','针灸科',4,1);
insert into cme_group(	id,org_code,name,parent_id,group_type) values (58, 'DRCL','重症医学科',4,1);
insert into cme_group(	id,org_code,name,parent_id,group_type) values (59, 'DRCL','体检中心',4,1);
insert into cme_group(	id,org_code,name,parent_id,group_type) values (60, 'DRCL','中医正骨',4,1);
insert into cme_group(	id,org_code,name,parent_id,group_type) values (61, 'DRCL','临床药理中心',4,1);
insert into cme_group(	id,org_code,name,parent_id,group_type) values (62, 'DRCL','干部诊疗科',4,1);
insert into cme_group(	id,org_code,name,parent_id,group_type) values (63, 'DRCL','检验科',4,1);
insert into cme_group(	id,org_code,name,parent_id,group_type) values (64, 'DRCL','药剂科',4,1);
insert into cme_group(	id,org_code,name,parent_id,group_type) values (65, 'DRCL','皮肤科',4,1);
#用户
insert into cme_user(id,org_code,name,sn,delflag) values (3, 'DRCL','王菲','00003','N');
insert into cme_user_group(cme_user_id,cme_group_id,create_time,role) values (3,35,NOW(),0);
insert into cme_user(id,org_code,name,sn,delflag) values (4, 'DRCL','陈奕迅','00004','N');
insert into cme_user_group(cme_user_id,cme_group_id,create_time,role) values (4,23,NOW(),0);
insert into cme_user(id,org_code,name,sn,delflag) values (5, 'DRCL','周杰伦','00005','N');
insert into cme_user_group(cme_user_id,cme_group_id,create_time,role) values (5,62,NOW(),0);
insert into cme_user(id,org_code,name,sn,delflag) values (6, 'DRCL','邓丽君','00006','N');
insert into cme_user_group(cme_user_id,cme_group_id,create_time,role) values (6,30,NOW(),0);
insert into cme_user(id,org_code,name,sn,delflag) values (7, 'DRCL','刘德华','00007','N');
insert into cme_user_group(cme_user_id,cme_group_id,create_time,role) values (7,50,NOW(),0);
insert into cme_user(id,org_code,name,sn,delflag) values (8, 'DRCL','张学友','00008','N');
insert into cme_user_group(cme_user_id,cme_group_id,create_time,role) values (8,1,NOW(),0);
insert into cme_user(id,org_code,name,sn,delflag) values (9, 'DRCL','林志炫','00009','N');
insert into cme_user_group(cme_user_id,cme_group_id,create_time,role) values (9,4,NOW(),0);
insert into cme_user(id,org_code,name,sn,delflag) values (10, 'DRCL','徐良','00010','N');
insert into cme_user_group(cme_user_id,cme_group_id,create_time,role) values (10,42,NOW(),0);
insert into cme_user(id,org_code,name,sn,delflag) values (11, 'DRCL','王麟','00011','N');
insert into cme_user_group(cme_user_id,cme_group_id,create_time,role) values (11,3,NOW(),0);
insert into cme_user(id,org_code,name,sn,delflag) values (12, 'DRCL','水木年华','00012','N');
insert into cme_user_group(cme_user_id,cme_group_id,create_time,role) values (12,60,NOW(),0);
insert into cme_user(id,org_code,name,sn,delflag) values (13, 'DRCL','汪峰','00013','N');
insert into cme_user_group(cme_user_id,cme_group_id,create_time,role) values (13,51,NOW(),0);
insert into cme_user(id,org_code,name,sn,delflag) values (14, 'DRCL','小蓓蕾组合','00014','N');
insert into cme_user_group(cme_user_id,cme_group_id,create_time,role) values (14,56,NOW(),0);
insert into cme_user(id,org_code,name,sn,delflag) values (15, 'DRCL','黄晓明','00015','N');
insert into cme_user_group(cme_user_id,cme_group_id,create_time,role) values (15,65,NOW(),0);
insert into cme_user(id,org_code,name,sn,delflag) values (16, 'DRCL','Beyond','00016','N');
insert into cme_user_group(cme_user_id,cme_group_id,create_time,role) values (16,32,NOW(),0);
insert into cme_user(id,org_code,name,sn,delflag) values (17, 'DRCL','冷漠','00017','N');
insert into cme_user_group(cme_user_id,cme_group_id,create_time,role) values (17,23,NOW(),0);
insert into cme_user(id,org_code,name,sn,delflag) values (18, 'DRCL','陈慧娴','00018','N');
insert into cme_user_group(cme_user_id,cme_group_id,create_time,role) values (18,49,NOW(),0);
insert into cme_user(id,org_code,name,sn,delflag) values (19, 'DRCL','李玟','00019','N');
insert into cme_user_group(cme_user_id,cme_group_id,create_time,role) values (19,1,NOW(),0);
insert into cme_user(id,org_code,name,sn,delflag) values (20, 'DRCL','郁可唯','00020','N');
insert into cme_user_group(cme_user_id,cme_group_id,create_time,role) values (20,15,NOW(),0);
insert into cme_user(id,org_code,name,sn,delflag) values (21, 'DRCL','EXO-M','00021','N');
insert into cme_user_group(cme_user_id,cme_group_id,create_time,role) values (21,2,NOW(),0);
insert into cme_user(id,org_code,name,sn,delflag) values (22, 'DRCL','周华健','00022','N');
insert into cme_user_group(cme_user_id,cme_group_id,create_time,role) values (22,27,NOW(),0);
insert into cme_user(id,org_code,name,sn,delflag) values (23, 'DRCL','韩红','00023','N');
insert into cme_user_group(cme_user_id,cme_group_id,create_time,role) values (23,47,NOW(),0);
insert into cme_user(id,org_code,name,sn,delflag) values (24, 'DRCL','李健','00024','N');
insert into cme_user_group(cme_user_id,cme_group_id,create_time,role) values (24,10,NOW(),0);
insert into cme_user(id,org_code,name,sn,delflag) values (25, 'DRCL','那英','00025','N');
insert into cme_user_group(cme_user_id,cme_group_id,create_time,role) values (25,11,NOW(),0);
insert into cme_user(id,org_code,name,sn,delflag) values (26, 'DRCL','陈楚生','00026','N');
insert into cme_user_group(cme_user_id,cme_group_id,create_time,role) values (26,36,NOW(),0);
insert into cme_user(id,org_code,name,sn,delflag) values (27, 'DRCL','陶喆','00027','N');
insert into cme_user_group(cme_user_id,cme_group_id,create_time,role) values (27,6,NOW(),0);
insert into cme_user(id,org_code,name,sn,delflag) values (28, 'DRCL','刘若英','00028','N');
insert into cme_user_group(cme_user_id,cme_group_id,create_time,role) values (28,7,NOW(),0);
insert into cme_user(id,org_code,name,sn,delflag) values (29, 'DRCL','辛晓琪','00029','N');
insert into cme_user_group(cme_user_id,cme_group_id,create_time,role) values (29,30,NOW(),0);
insert into cme_user(id,org_code,name,sn,delflag) values (30, 'DRCL','郑源','00030','N');
insert into cme_user_group(cme_user_id,cme_group_id,create_time,role) values (30,12,NOW(),0);
insert into cme_user(id,org_code,name,sn,delflag) values (31, 'DRCL','张惠妹','00031','N');
insert into cme_user_group(cme_user_id,cme_group_id,create_time,role) values (31,45,NOW(),0);
insert into cme_user(id,org_code,name,sn,delflag) values (32, 'DRCL','曲婉婷','00032','N');
insert into cme_user_group(cme_user_id,cme_group_id,create_time,role) values (32,26,NOW(),0);
insert into cme_user(id,org_code,name,sn,delflag) values (33, 'DRCL','刀郎','00033','N');
insert into cme_user_group(cme_user_id,cme_group_id,create_time,role) values (33,36,NOW(),0);
insert into cme_user(id,org_code,name,sn,delflag) values (34, 'DRCL','纯音乐','00034','N');
insert into cme_user_group(cme_user_id,cme_group_id,create_time,role) values (34,35,NOW(),0);
insert into cme_user(id,org_code,name,sn,delflag) values (35, 'DRCL','许嵩','00035','N');
insert into cme_user_group(cme_user_id,cme_group_id,create_time,role) values (35,25,NOW(),0);
insert into cme_user(id,org_code,name,sn,delflag) values (36, 'DRCL','DJ小可','00036','N');
insert into cme_user_group(cme_user_id,cme_group_id,create_time,role) values (36,59,NOW(),0);
insert into cme_user(id,org_code,name,sn,delflag) values (37, 'DRCL','张国荣','00037','N');
insert into cme_user_group(cme_user_id,cme_group_id,create_time,role) values (37,39,NOW(),0);
insert into cme_user(id,org_code,name,sn,delflag) values (38, 'DRCL','崔子格','00038','N');
insert into cme_user_group(cme_user_id,cme_group_id,create_time,role) values (38,27,NOW(),0);
insert into cme_user(id,org_code,name,sn,delflag) values (39, 'DRCL','王绎龙','00039','N');
insert into cme_user_group(cme_user_id,cme_group_id,create_time,role) values (39,31,NOW(),0);
insert into cme_user(id,org_code,name,sn,delflag) values (40, 'DRCL','梁静茹','00040','N');
insert into cme_user_group(cme_user_id,cme_group_id,create_time,role) values (40,54,NOW(),0);
insert into cme_user(id,org_code,name,sn,delflag) values (41, 'DRCL','降央卓玛','00041','N');
insert into cme_user_group(cme_user_id,cme_group_id,create_time,role) values (41,42,NOW(),0);
insert into cme_user(id,org_code,name,sn,delflag) values (42, 'DRCL','李代沫','00042','N');
insert into cme_user_group(cme_user_id,cme_group_id,create_time,role) values (42,47,NOW(),0);
insert into cme_user(id,org_code,name,sn,delflag) values (43, 'DRCL','戴爱玲','00043','N');
insert into cme_user_group(cme_user_id,cme_group_id,create_time,role) values (43,56,NOW(),0);
insert into cme_user(id,org_code,name,sn,delflag) values (44, 'DRCL','杨宗纬','00044','N');
insert into cme_user_group(cme_user_id,cme_group_id,create_time,role) values (44,46,NOW(),0);
insert into cme_user(id,org_code,name,sn,delflag) values (45, 'DRCL','五月天','00045','N');
insert into cme_user_group(cme_user_id,cme_group_id,create_time,role) values (45,54,NOW(),0);
insert into cme_user(id,org_code,name,sn,delflag) values (46, 'DRCL','齐秦','00046','N');
insert into cme_user_group(cme_user_id,cme_group_id,create_time,role) values (46,31,NOW(),0);
insert into cme_user(id,org_code,name,sn,delflag) values (47, 'DRCL','孟庭苇','00047','N');
insert into cme_user_group(cme_user_id,cme_group_id,create_time,role) values (47,27,NOW(),0);
insert into cme_user(id,org_code,name,sn,delflag) values (48, 'DRCL','庞龙','00048','N');
insert into cme_user_group(cme_user_id,cme_group_id,create_time,role) values (48,7,NOW(),0);
insert into cme_user(id,org_code,name,sn,delflag) values (49, 'DRCL','筷子兄弟','00049','N');
insert into cme_user_group(cme_user_id,cme_group_id,create_time,role) values (49,1,NOW(),0);
insert into cme_user(id,org_code,name,sn,delflag) values (50, 'DRCL','群星','00050','N');
insert into cme_user_group(cme_user_id,cme_group_id,create_time,role) values (50,11,NOW(),0);
insert into cme_user(id,org_code,name,sn,delflag) values (51, 'DRCL','祁隆','00051','N');
insert into cme_user_group(cme_user_id,cme_group_id,create_time,role) values (51,36,NOW(),0);
insert into cme_user(id,org_code,name,sn,delflag) values (52, 'DRCL','Psy','00052','N');
insert into cme_user_group(cme_user_id,cme_group_id,create_time,role) values (52,3,NOW(),0);
insert into cme_user(id,org_code,name,sn,delflag) values (53, 'DRCL','谢容儿','00053','N');
insert into cme_user_group(cme_user_id,cme_group_id,create_time,role) values (53,25,NOW(),0);
insert into cme_user(id,org_code,name,sn,delflag) values (54, 'DRCL','张宇','00054','N');
insert into cme_user_group(cme_user_id,cme_group_id,create_time,role) values (54,18,NOW(),0);
insert into cme_user(id,org_code,name,sn,delflag) values (55, 'DRCL','彭佳慧','00055','N');
insert into cme_user_group(cme_user_id,cme_group_id,create_time,role) values (55,31,NOW(),0);
insert into cme_user(id,org_code,name,sn,delflag) values (56, 'DRCL','玖月奇迹','00056','N');
insert into cme_user_group(cme_user_id,cme_group_id,create_time,role) values (56,22,NOW(),0);
insert into cme_user(id,org_code,name,sn,delflag) values (57, 'DRCL','小沈阳','00057','N');
insert into cme_user_group(cme_user_id,cme_group_id,create_time,role) values (57,51,NOW(),0);
insert into cme_user(id,org_code,name,sn,delflag) values (58, 'DRCL','杨钰莹','00058','N');
insert into cme_user_group(cme_user_id,cme_group_id,create_time,role) values (58,64,NOW(),0);
insert into cme_user(id,org_code,name,sn,delflag) values (59, 'DRCL','萧亚轩','00059','N');
insert into cme_user_group(cme_user_id,cme_group_id,create_time,role) values (59,22,NOW(),0);
insert into cme_user(id,org_code,name,sn,delflag) values (60, 'DRCL','王力宏','00060','N');
insert into cme_user_group(cme_user_id,cme_group_id,create_time,role) values (60,1,NOW(),0);
insert into cme_user(id,org_code,name,sn,delflag) values (61, 'DRCL','林海','00061','N');
insert into cme_user_group(cme_user_id,cme_group_id,create_time,role) values (61,3,NOW(),0);
insert into cme_user(id,org_code,name,sn,delflag) values (62, 'DRCL','林俊杰','00062','N');
insert into cme_user_group(cme_user_id,cme_group_id,create_time,role) values (62,15,NOW(),0);
insert into cme_user(id,org_code,name,sn,delflag) values (63, 'DRCL','莫文蔚','00063','N');
insert into cme_user_group(cme_user_id,cme_group_id,create_time,role) values (63,44,NOW(),0);
insert into cme_user(id,org_code,name,sn,delflag) values (64, 'DRCL','李克勤','00064','N');
insert into cme_user_group(cme_user_id,cme_group_id,create_time,role) values (64,21,NOW(),0);
insert into cme_user(id,org_code,name,sn,delflag) values (65, 'DRCL','小虎队','00065','N');
insert into cme_user_group(cme_user_id,cme_group_id,create_time,role) values (65,39,NOW(),0);
insert into cme_user(id,org_code,name,sn,delflag) values (66, 'DRCL','李宇春','00066','N');
insert into cme_user_group(cme_user_id,cme_group_id,create_time,role) values (66,43,NOW(),0);
insert into cme_user(id,org_code,name,sn,delflag) values (67, 'DRCL','金志文','00067','N');
insert into cme_user_group(cme_user_id,cme_group_id,create_time,role) values (67,58,NOW(),0);
insert into cme_user(id,org_code,name,sn,delflag) values (68, 'DRCL','羽泉','00068','N');
insert into cme_user_group(cme_user_id,cme_group_id,create_time,role) values (68,10,NOW(),0);
insert into cme_user(id,org_code,name,sn,delflag) values (69, 'DRCL','孙子涵','00069','N');
insert into cme_user_group(cme_user_id,cme_group_id,create_time,role) values (69,24,NOW(),0);
insert into cme_user(id,org_code,name,sn,delflag) values (70, 'DRCL','曾一鸣','00070','N');
insert into cme_user_group(cme_user_id,cme_group_id,create_time,role) values (70,11,NOW(),0);
insert into cme_user(id,org_code,name,sn,delflag) values (71, 'DRCL','萧敬腾','00071','N');
insert into cme_user_group(cme_user_id,cme_group_id,create_time,role) values (71,49,NOW(),0);
insert into cme_user(id,org_code,name,sn,delflag) values (72, 'DRCL','刘涛','00072','N');
insert into cme_user_group(cme_user_id,cme_group_id,create_time,role) values (72,7,NOW(),0);
insert into cme_user(id,org_code,name,sn,delflag) values (73, 'DRCL','老猫','00073','N');
insert into cme_user_group(cme_user_id,cme_group_id,create_time,role) values (73,39,NOW(),0);
insert into cme_user(id,org_code,name,sn,delflag) values (74, 'DRCL','张信哲','00074','N');
insert into cme_user_group(cme_user_id,cme_group_id,create_time,role) values (74,38,NOW(),0);
insert into cme_user(id,org_code,name,sn,delflag) values (75, 'DRCL','Taylor Swift','00075','N');
insert into cme_user_group(cme_user_id,cme_group_id,create_time,role) values (75,55,NOW(),0);
insert into cme_user(id,org_code,name,sn,delflag) values (76, 'DRCL','费玉清','00076','N');
insert into cme_user_group(cme_user_id,cme_group_id,create_time,role) values (76,44,NOW(),0);
insert into cme_user(id,org_code,name,sn,delflag) values (77, 'DRCL','黄绮珊','00077','N');
insert into cme_user_group(cme_user_id,cme_group_id,create_time,role) values (77,10,NOW(),0);
insert into cme_user(id,org_code,name,sn,delflag) values (78, 'DRCL','小5','00078','N');
insert into cme_user_group(cme_user_id,cme_group_id,create_time,role) values (78,39,NOW(),0);
insert into cme_user(id,org_code,name,sn,delflag) values (79, 'DRCL','许巍','00079','N');
insert into cme_user_group(cme_user_id,cme_group_id,create_time,role) values (79,64,NOW(),0);
insert into cme_user(id,org_code,name,sn,delflag) values (80, 'DRCL','任贤齐','00080','N');
insert into cme_user_group(cme_user_id,cme_group_id,create_time,role) values (80,43,NOW(),0);
insert into cme_user(id,org_code,name,sn,delflag) values (81, 'DRCL','乌兰图雅','00081','N');
insert into cme_user_group(cme_user_id,cme_group_id,create_time,role) values (81,33,NOW(),0);
insert into cme_user(id,org_code,name,sn,delflag) values (82, 'DRCL','张杰','00082','N');
insert into cme_user_group(cme_user_id,cme_group_id,create_time,role) values (82,23,NOW(),0);
insert into cme_user(id,org_code,name,sn,delflag) values (83, 'DRCL','杨幂','00083','N');
insert into cme_user_group(cme_user_id,cme_group_id,create_time,role) values (83,65,NOW(),0);
insert into cme_user(id,org_code,name,sn,delflag) values (84, 'DRCL','吉克隽逸','00084','N');
insert into cme_user_group(cme_user_id,cme_group_id,create_time,role) values (84,9,NOW(),0);
insert into cme_user(id,org_code,name,sn,delflag) values (85, 'DRCL','罗大佑','00085','N');
insert into cme_user_group(cme_user_id,cme_group_id,create_time,role) values (85,60,NOW(),0);
insert into cme_user(id,org_code,name,sn,delflag) values (86, 'DRCL','李玲玉','00086','N');
insert into cme_user_group(cme_user_id,cme_group_id,create_time,role) values (86,9,NOW(),0);
insert into cme_user(id,org_code,name,sn,delflag) values (87, 'DRCL','俞灏明','00087','N');
insert into cme_user_group(cme_user_id,cme_group_id,create_time,role) values (87,45,NOW(),0);
insert into cme_user(id,org_code,name,sn,delflag) values (88, 'DRCL','陈瑞','00088','N');
insert into cme_user_group(cme_user_id,cme_group_id,create_time,role) values (88,24,NOW(),0);
insert into cme_user(id,org_code,name,sn,delflag) values (89, 'DRCL','吕方','00089','N');
insert into cme_user_group(cme_user_id,cme_group_id,create_time,role) values (89,12,NOW(),0);
insert into cme_user(id,org_code,name,sn,delflag) values (90, 'DRCL','高安','00090','N');
insert into cme_user_group(cme_user_id,cme_group_id,create_time,role) values (90,30,NOW(),0);
insert into cme_user(id,org_code,name,sn,delflag) values (91, 'DRCL','侃侃','00091','N');
insert into cme_user_group(cme_user_id,cme_group_id,create_time,role) values (91,48,NOW(),0);
insert into cme_user(id,org_code,name,sn,delflag) values (92, 'DRCL','孙燕姿','00092','N');
insert into cme_user_group(cme_user_id,cme_group_id,create_time,role) values (92,12,NOW(),0);
insert into cme_user(id,org_code,name,sn,delflag) values (93, 'DRCL','汪苏泷','00093','N');
insert into cme_user_group(cme_user_id,cme_group_id,create_time,role) values (93,53,NOW(),0);
insert into cme_user(id,org_code,name,sn,delflag) values (94, 'DRCL','动力火车','00094','N');
insert into cme_user_group(cme_user_id,cme_group_id,create_time,role) values (94,34,NOW(),0);
insert into cme_user(id,org_code,name,sn,delflag) values (95, 'DRCL','樊凡','00095','N');
insert into cme_user_group(cme_user_id,cme_group_id,create_time,role) values (95,32,NOW(),0);
insert into cme_user(id,org_code,name,sn,delflag) values (96, 'DRCL','王杰','00096','N');
insert into cme_user_group(cme_user_id,cme_group_id,create_time,role) values (96,26,NOW(),0);
insert into cme_user(id,org_code,name,sn,delflag) values (97, 'DRCL','许诺','00097','N');
insert into cme_user_group(cme_user_id,cme_group_id,create_time,role) values (97,13,NOW(),0);
insert into cme_user(id,org_code,name,sn,delflag) values (98, 'DRCL','龚玥','00098','N');
insert into cme_user_group(cme_user_id,cme_group_id,create_time,role) values (98,26,NOW(),0);
insert into cme_user(id,org_code,name,sn,delflag) values (99, 'DRCL','姜育恒','00099','N');
insert into cme_user_group(cme_user_id,cme_group_id,create_time,role) values (99,43,NOW(),0);
insert into cme_user(id,org_code,name,sn,delflag) values (100, 'DRCL','阿悄','00100','N');
insert into cme_user_group(cme_user_id,cme_group_id,create_time,role) values (100,30,NOW(),0);
insert into cme_user(id,org_code,name,sn,delflag) values (101, 'DRCL','林忆莲','00101','N');
insert into cme_user_group(cme_user_id,cme_group_id,create_time,role) values (101,61,NOW(),0);
insert into cme_user(id,org_code,name,sn,delflag) values (102, 'DRCL','罗百吉','00102','N');
insert into cme_user_group(cme_user_id,cme_group_id,create_time,role) values (102,49,NOW(),0);
insert into cme_user(id,org_code,name,sn,delflag) values (103, 'DRCL','周传雄','00103','N');
insert into cme_user_group(cme_user_id,cme_group_id,create_time,role) values (103,1,NOW(),0);
insert into cme_user(id,org_code,name,sn,delflag) values (104, 'DRCL','Sarah McLa..','00104','N');
insert into cme_user_group(cme_user_id,cme_group_id,create_time,role) values (104,60,NOW(),0);
insert into cme_user(id,org_code,name,sn,delflag) values (105, 'DRCL','吴莫愁','00105','N');
insert into cme_user_group(cme_user_id,cme_group_id,create_time,role) values (105,21,NOW(),0);
insert into cme_user(id,org_code,name,sn,delflag) values (106, 'DRCL','高进','00106','N');
insert into cme_user_group(cme_user_id,cme_group_id,create_time,role) values (106,53,NOW(),0);
insert into cme_user(id,org_code,name,sn,delflag) values (107, 'DRCL','苏永康','00107','N');
insert into cme_user_group(cme_user_id,cme_group_id,create_time,role) values (107,34,NOW(),0);
insert into cme_user(id,org_code,name,sn,delflag) values (108, 'DRCL','Carly Rae J..','00108','N');
insert into cme_user_group(cme_user_id,cme_group_id,create_time,role) values (108,18,NOW(),0);
insert into cme_user(id,org_code,name,sn,delflag) values (109, 'DRCL','蔡琴','00109','N');
insert into cme_user_group(cme_user_id,cme_group_id,create_time,role) values (109,18,NOW(),0);
insert into cme_user(id,org_code,name,sn,delflag) values (110, 'DRCL','蔡依林','00110','N');
insert into cme_user_group(cme_user_id,cme_group_id,create_time,role) values (110,29,NOW(),0);
insert into cme_user(id,org_code,name,sn,delflag) values (111, 'DRCL','S.H.E','00111','N');
insert into cme_user_group(cme_user_id,cme_group_id,create_time,role) values (111,5,NOW(),0);
insert into cme_user(id,org_code,name,sn,delflag) values (112, 'DRCL','谭咏麟','00112','N');
insert into cme_user_group(cme_user_id,cme_group_id,create_time,role) values (112,50,NOW(),0);
insert into cme_user(id,org_code,name,sn,delflag) values (113, 'DRCL','李玉刚','00113','N');
insert into cme_user_group(cme_user_id,cme_group_id,create_time,role) values (113,7,NOW(),0);
insert into cme_user(id,org_code,name,sn,delflag) values (114, 'DRCL','刘欢','00114','N');
insert into cme_user_group(cme_user_id,cme_group_id,create_time,role) values (114,50,NOW(),0);
insert into cme_user(id,org_code,name,sn,delflag) values (115, 'DRCL','米娜','00115','N');
insert into cme_user_group(cme_user_id,cme_group_id,create_time,role) values (115,46,NOW(),0);
insert into cme_user(id,org_code,name,sn,delflag) values (116, 'DRCL','卓依婷','00116','N');
insert into cme_user_group(cme_user_id,cme_group_id,create_time,role) values (116,59,NOW(),0);
insert into cme_user(id,org_code,name,sn,delflag) values (117, 'DRCL','张雨生','00117','N');
insert into cme_user_group(cme_user_id,cme_group_id,create_time,role) values (117,46,NOW(),0);
insert into cme_user(id,org_code,name,sn,delflag) values (118, 'DRCL','范玮琪','00118','N');
insert into cme_user_group(cme_user_id,cme_group_id,create_time,role) values (118,20,NOW(),0);
insert into cme_user(id,org_code,name,sn,delflag) values (119, 'DRCL','阿信','00119','N');
insert into cme_user_group(cme_user_id,cme_group_id,create_time,role) values (119,25,NOW(),0);
insert into cme_user(id,org_code,name,sn,delflag) values (120, 'DRCL','戴佩妮','00120','N');
insert into cme_user_group(cme_user_id,cme_group_id,create_time,role) values (120,23,NOW(),0);
insert into cme_user(id,org_code,name,sn,delflag) values (121, 'DRCL','韩宝仪','00121','N');
insert into cme_user_group(cme_user_id,cme_group_id,create_time,role) values (121,21,NOW(),0);
insert into cme_user(id,org_code,name,sn,delflag) values (122, 'DRCL','妞妞（好声..','00122','N');
insert into cme_user_group(cme_user_id,cme_group_id,create_time,role) values (122,63,NOW(),0);
insert into cme_user(id,org_code,name,sn,delflag) values (123, 'DRCL','平安','00123','N');
insert into cme_user_group(cme_user_id,cme_group_id,create_time,role) values (123,25,NOW(),0);
insert into cme_user(id,org_code,name,sn,delflag) values (124, 'DRCL','龙梅子','00124','N');
insert into cme_user_group(cme_user_id,cme_group_id,create_time,role) values (124,65,NOW(),0);
insert into cme_user(id,org_code,name,sn,delflag) values (125, 'DRCL','林宥嘉','00125','N');
insert into cme_user_group(cme_user_id,cme_group_id,create_time,role) values (125,12,NOW(),0);
insert into cme_user(id,org_code,name,sn,delflag) values (126, 'DRCL','张韶涵','00126','N');
insert into cme_user_group(cme_user_id,cme_group_id,create_time,role) values (126,24,NOW(),0);
insert into cme_user(id,org_code,name,sn,delflag) values (127, 'DRCL','Lady Gaga','00127','N');
insert into cme_user_group(cme_user_id,cme_group_id,create_time,role) values (127,6,NOW(),0);
insert into cme_user(id,org_code,name,sn,delflag) values (128, 'DRCL','张赫宣','00128','N');
insert into cme_user_group(cme_user_id,cme_group_id,create_time,role) values (128,31,NOW(),0);
insert into cme_user(id,org_code,name,sn,delflag) values (129, 'DRCL','Avril Lavigne','00129','N');
insert into cme_user_group(cme_user_id,cme_group_id,create_time,role) values (129,43,NOW(),0);
insert into cme_user(id,org_code,name,sn,delflag) values (130, 'DRCL','庄心妍','00130','N');
insert into cme_user_group(cme_user_id,cme_group_id,create_time,role) values (130,33,NOW(),0);
insert into cme_user(id,org_code,name,sn,delflag) values (131, 'DRCL','蔡健雅','00131','N');
insert into cme_user_group(cme_user_id,cme_group_id,create_time,role) values (131,22,NOW(),0);
insert into cme_user(id,org_code,name,sn,delflag) values (132, 'DRCL','赵英俊','00132','N');
insert into cme_user_group(cme_user_id,cme_group_id,create_time,role) values (132,5,NOW(),0);
insert into cme_user(id,org_code,name,sn,delflag) values (133, 'DRCL','伍佰','00133','N');
insert into cme_user_group(cme_user_id,cme_group_id,create_time,role) values (133,43,NOW(),0);
insert into cme_user(id,org_code,name,sn,delflag) values (134, 'DRCL','信乐团','00134','N');
insert into cme_user_group(cme_user_id,cme_group_id,create_time,role) values (134,20,NOW(),0);
insert into cme_user(id,org_code,name,sn,delflag) values (135, 'DRCL','乌兰托娅','00135','N');
insert into cme_user_group(cme_user_id,cme_group_id,create_time,role) values (135,36,NOW(),0);
insert into cme_user(id,org_code,name,sn,delflag) values (136, 'DRCL','赵传','00136','N');
insert into cme_user_group(cme_user_id,cme_group_id,create_time,role) values (136,54,NOW(),0);
insert into cme_user(id,org_code,name,sn,delflag) values (137, 'DRCL','苏打绿','00137','N');
insert into cme_user_group(cme_user_id,cme_group_id,create_time,role) values (137,62,NOW(),0);
insert into cme_user(id,org_code,name,sn,delflag) values (138, 'DRCL','孟文豪','00138','N');
insert into cme_user_group(cme_user_id,cme_group_id,create_time,role) values (138,27,NOW(),0);
insert into cme_user(id,org_code,name,sn,delflag) values (139, 'DRCL','张靓颖','00139','N');
insert into cme_user_group(cme_user_id,cme_group_id,create_time,role) values (139,33,NOW(),0);
insert into cme_user(id,org_code,name,sn,delflag) values (140, 'DRCL','张震岳','00140','N');
insert into cme_user_group(cme_user_id,cme_group_id,create_time,role) values (140,43,NOW(),0);
insert into cme_user(id,org_code,name,sn,delflag) values (141, 'DRCL','张铠麟','00141','N');
insert into cme_user_group(cme_user_id,cme_group_id,create_time,role) values (141,44,NOW(),0);
insert into cme_user(id,org_code,name,sn,delflag) values (142, 'DRCL','斯琴高丽','00142','N');
insert into cme_user_group(cme_user_id,cme_group_id,create_time,role) values (142,45,NOW(),0);
insert into cme_user(id,org_code,name,sn,delflag) values (143, 'DRCL','周笔畅','00143','N');
insert into cme_user_group(cme_user_id,cme_group_id,create_time,role) values (143,63,NOW(),0);
insert into cme_user(id,org_code,name,sn,delflag) values (144, 'DRCL','黄小琥','00144','N');
insert into cme_user_group(cme_user_id,cme_group_id,create_time,role) values (144,39,NOW(),0);
insert into cme_user(id,org_code,name,sn,delflag) values (145, 'DRCL','孙露','00145','N');
insert into cme_user_group(cme_user_id,cme_group_id,create_time,role) values (145,43,NOW(),0);
insert into cme_user(id,org_code,name,sn,delflag) values (146, 'DRCL','杨坤','00146','N');
insert into cme_user_group(cme_user_id,cme_group_id,create_time,role) values (146,62,NOW(),0);
insert into cme_user(id,org_code,name,sn,delflag) values (147, 'DRCL','高胜美','00147','N');
insert into cme_user_group(cme_user_id,cme_group_id,create_time,role) values (147,36,NOW(),0);
insert into cme_user(id,org_code,name,sn,delflag) values (148, 'DRCL','迪克牛仔','00148','N');
insert into cme_user_group(cme_user_id,cme_group_id,create_time,role) values (148,9,NOW(),0);
insert into cme_user(id,org_code,name,sn,delflag) values (149, 'DRCL','本兮','00149','N');
insert into cme_user_group(cme_user_id,cme_group_id,create_time,role) values (149,29,NOW(),0);
insert into cme_user(id,org_code,name,sn,delflag) values (150, 'DRCL','李宗盛','00150','N');

insert into cme_project(id,name,department_name,org_code) values (1,'演示项目','技术部','DRCL');
insert into cme_project_manager(cme_project_id,cme_user_id) values (1, 3);
